section,description,term,kubun,source,note
§1 物質の状態変化,形も体積も変わりにくく、粒子どうしが強く結びついて、その場であまり動かない状態,固体,プリント手書き,p1,例: 氷、鉄、ガラス、石
§1 物質の状態変化,形は変わるが、圧縮しても体積は変わりにくく、粒子がある程度動きまわれる状態,液体,プリント手書き,p1,粒子は弱く引き合っている。例: 水、エタノール、水銀
§1 物質の状態変化,形も体積も簡単に変わり、粒子が自由に飛びまわっている状態,気体,プリント手書き,p1,例: 水蒸気、酸素、二酸化炭素
§1 物質の状態変化,温度によって物質の状態が変化すること,状態変化,プリント,p1,
§1 物質の状態変化,状態変化で、物質の質量と体積はそれぞれどうなるか,体積は変化するが、質量は変わらない,プリント,p1,正典の太字部分
§1 物質の状態変化,状態変化しても質量が変わらない理由（粒子で考える）,粒子の数（と種類）が変わらないから,問題集,問題集5章;p1,密閉した袋のエタノールを温めてふくらませても、全体の質量は同じ
§1 物質の状態変化,状態変化で体積が変わる理由（粒子で考える）,粒子の運動のようすが変わり、粒子どうしの間隔が変わるから,問題集,問題集5章;p1,粒子そのものが大きくなるのではない（よくある誤答）
§1 物質の状態変化,固体が液体に変わる状態変化,融解,プリント手書き,p1,
§1 物質の状態変化,液体が固体に変わる状態変化,凝固,プリント手書き,p1,
§1 物質の状態変化,液体が気体に変わる状態変化,蒸発（沸点より低い温度でも、液体の表面で起こる。沸騰は液体の内部から気体になる）,プリント手書き,p1;p2,p2では「液体の表面で起こる液体⇒気体の変化」として沸騰と区別
§1 物質の状態変化,気体が液体に変わる状態変化,凝縮,プリント手書き,p1,
§1 物質の状態変化,固体が液体を経ずに、直接気体に変わる状態変化,昇華,プリント手書き,p1,例: ドライアイス
§1 物質の状態変化,気体が液体を経ずに、直接固体に変わる状態変化,凝華,プリント手書き,p1,正解は「凝華」（owner決定 2026-10-04）。古い問題集・入試では気体→固体も「昇華」と書かれることがある
§1 物質の状態変化,ふつうの物質が固体→液体→気体と変化するとき、体積と密度はそれぞれどうなるか,体積は大きくなり、密度は小さくなる,プリント手書き,p1,質量が変わらず体積が増えるので密度は小さくなる。液体→気体の体積変化は特に大きい
§1 物質の状態変化,水が液体から固体（氷）になるとき、体積と密度はどうなるか,体積は大きくなり、密度は小さくなる（水は例外。だから氷は水に浮く）,プリント,p1,体積は約1.1倍。ふつうの物質と逆
§1 物質の状態変化,液体のろうを冷やして固体にしたとき、質量と体積はどうなるか,質量は変わらず、体積は小さくなる（中央がくぼむ）,実験,授業実験;問題集5章,まわりから先に固まり、最後に固まる中央がへこむ。水滴をふきとって質量をはかる
§1 物質の状態変化,固体のろうを液体のろうに入れると、浮くか沈むか,沈む（固体の方が体積が小さく、密度が大きいから）,実験,授業実験;問題集5章,密度が大きいものは沈む。氷と水では逆に浮く
§1 物質の状態変化,純物質が状態変化している間、温度はどうなるか,変化しない（一定のまま）,プリント手書き,p2,加熱グラフの水平な部分
§1 物質の状態変化,固体がとけて液体になるときの温度,融点,プリント手書き,p2,純物質では凝固点（液→固の温度）と等しい
§1 物質の状態変化,液体が沸騰して気体になるときの温度,沸点,プリント手書き,p2,純物質では凝縮点（気→液の温度）と等しい
§1 物質の状態変化,液体の内部からも激しく気体に変化する状態変化,沸騰,プリント手書き,p2,沸点で起こる
§1 物質の状態変化,物質の温度が、融点と沸点の間にあるとき、その物質の状態,液体（融点より低いと固体、沸点より高いと気体）,プリント手書き,p2練習,
§1 物質の状態変化,同じ純物質の量を増やして加熱すると、融点や沸点の温度はどうなるか,変わらない（グラフの水平な部分が長くなるだけ）,プリント,p2,融点・沸点は物質の種類で決まる→物質を見分ける手がかりになる（学習指導要領解説）
§2 物質の状態変化と混合物の分離,1種類の物質だけでできている物質,純物質,プリント手書き,p3,例: 水、酸素、塩化ナトリウム、鉄
§2 物質の状態変化と混合物の分離,2種類以上の純物質が混ざっている物質,混合物,プリント手書き,p3,例: 空気、海水、ろう、石油
§2 物質の状態変化と混合物の分離,混合物を加熱したとき、融点や沸点はどうなるか,一定の値を示さない（状態変化中も温度が変わり続ける）,プリント,p3,グラフに水平な部分ができるか→純物質と混合物の見分け方。成分の割合で密度も変わる（p3）
§2 物質の状態変化と混合物の分離,液体の混合物を加熱して沸騰させ、出てくる気体を冷やして再び液体にする操作,蒸留（複数の温度で取り分ける手法を特に分留という）,プリント手書き,p4,混合物から純物質を取り出せる
§2 物質の状態変化と混合物の分離,蒸留で混合物から物質を分けられるのは、物質の何のちがいを利用しているからか,沸点のちがい,問題集,問題集6章;p4,石油の精製も同じ原理
§2 物質の状態変化と混合物の分離,混合物を蒸留したとき、はじめに多く出てくるのはどんな物質か,沸点が低い物質（水とエタノールならエタノール）,問題集,問題集6章;c1-002,授業はワインの分留（温度ごとに取り分ける）。最初の液ほどよく燃える
§2 物質の状態変化と混合物の分離,加熱する液体に沸騰石を入れる理由,突沸（急に沸騰して液が飛び散ること）を防ぐため,プリント手書き,p4,
§2 物質の状態変化と混合物の分離,蒸留で、温度計の球部（液だめ）を置く位置とその理由,枝つきフラスコの枝の付け根の高さ（出ていく気体の温度をはかるため）,補足,owner指示（中学の重点項目）,液の中に入れると液体の温度になってしまう
§2 物質の状態変化と混合物の分離,蒸留の加熱をやめる前に、ガラス管の先をたまった液体から抜いておく理由,液が逆流するのを防ぐため（フラスコ内の気体が冷えて液体にもどり、体積が小さくなるから）,プリント,p4;c1-002;問題集6章,正典の黄色マーカー部分。理由は状態変化と体積の応用。炭酸水素ナトリウムの熱分解でも同じ
§3 物質のつくり,物質をつくるもととなる最小の粒子,原子,プリント手書き,p5,118種類が知られている
§3 物質のつくり,原子の中心にある、陽子などからなる粒子,原子核,プリント手書き,p5,
§3 物質のつくり,原子核の中にある、＋の電気をもつ粒子,陽子,プリント手書き,p5,原子核＝陽子と中性子でできた原子の中心部分。陽子・中性子・電子は指導要領上は中3内容（授業で扱っているため採用）
§3 物質のつくり,原子核の中にある、電気をもたない粒子,中性子,プリント手書き,p5,質量は陽子とほぼ同じ
§3 物質のつくり,原子核のまわりにある、−の電気をもつ粒子,電子,プリント手書き,p5,陽子の数＝電子の数なので、原子全体では電気を帯びない
§3 物質のつくり,原子の種類ごとに割り振られた番号で、原子中の陽子の数に等しいもの,原子番号,プリント手書き,p5,水素1、ヘリウム2
§3 物質のつくり,物質のもととなる要素のこと（原子の種類のこと）,元素,プリント,p5,正典ではこの空欄が未記入（要確認）
§3 物質のつくり,元素を表す記号,元素記号（1文字目は大文字、2文字目は小文字で書く）,プリント手書き,p5,個々の記号の暗記は既存の元素記号カードで扱う
§3 物質のつくり,元素を原子番号の順に並べ、よく似た性質の元素が縦の列に並ぶようにした表,周期表（縦の列＝族、横の段＝周期）,プリント手書き,p5,
§3 物質のつくり,原子どうしが結びついてできる小さい粒子,分子,プリント手書き,p7,例: 水素、水、二酸化炭素。金属や塩化ナトリウムは分子をつくらない
§3 物質のつくり,物質に含まれる原子の種類と数や比を、元素記号と数字を使って表したもの,化学式（CO₂など）,プリント手書き,p7,
§3 物質のつくり,ダイヤモンドと黒鉛は、どちらも炭素の原子だけでできているのに性質がちがう理由,原子の結びつき方（並び方）がちがうから,プリント手書き,p8,手書き「結合の仕方がちがう」。化学式はどちらもC
§3 物質のつくり,1種類の元素からできている物質で、それ以上分解できないもの,単体,プリント手書き,p8,例: 酸素O2、鉄Fe、ダイヤモンドC
§3 物質のつくり,2種類以上の元素からできている物質,化合物,プリント手書き,p8,例: 水H2O、二酸化炭素CO2、塩化ナトリウムNaCl
§3 物質のつくり,単体と化合物は、純物質と混合物のどちらに分類されるか,どちらも純物質,プリント手書き,p8,関係図。混合物の例: 海水、空気、塩酸（塩化水素と水）
§3 物質のつくり,もとの物質とは別の物質ができる変化,化学変化（化学反応）,プリント手書き,p9,
§3 物質のつくり,状態変化と化学反応のちがい,状態変化では物質そのものは変わらないが、化学反応では別の物質ができる,プリント手書き,p9,手書き「状態変化は物質が変わらない（固体・液体・気体の変化）」
§3 物質のつくり,化学反応の前後で、原子の種類と数はどうなるか,変わらない（原子の組み合わせが変わるだけ）,プリント手書き,p9,正典の黄色マーカー部分
§3 物質のつくり,化学反応で、原子は分けられたり、別の種類の原子に変わったりするか,どちらもしない,プリント手書き,p9;問題集8章,原子の大きさや質量は種類によって決まっている（p5）。p9の空欄手書きが「種類・数」と読める点は要確認
§5 物質が分かれる変化,1種類の物質が、2種類以上の別の物質に分かれる化学変化,分解,プリント手書き,p9,
§5 物質が分かれる変化,加熱したときに起こる分解,熱分解,プリント手書き,p9,
§5 物質が分かれる変化,電流を流して物質を分解すること,電気分解,プリント手書き,p9,水溶液では、溶質より水の方が分解しやすいと水が分解される
§5 物質が分かれる変化,酸化銀Ag₂Oを加熱したときにできる2つの物質,銀Agと酸素O₂,プリント手書き,p9;c1-003,黒色→白色。白い固体はこすると金属光沢。覚える（owner決定）
§5 物質が分かれる変化,酸化銀Ag₂Oを加熱したあと、残った固体の質量は加熱前と比べてどうなるか,減る（酸素が気体になって出ていくから）,実験,c1-003酸化銀の分解,原子の数は変わらない。出ていった酸素の分だけ減る
§5 物質が分かれる変化,炭酸水素ナトリウムNaHCO₃を加熱したときにできる3つの物質,炭酸ナトリウムNa₂CO₃・二酸化炭素CO₂・水H₂O,プリント手書き,p9;c1-004-1,覚える（owner決定）
§5 物質が分かれる変化,発生した気体が二酸化炭素CO₂であることを確かめる方法,石灰水に通す→白くにごる（[復習]白くにごった石灰水にさらにCO₂を通し続けると白濁がとけて透明になる）,実験,c1-004-1;問題集7章,
§5 物質が分かれる変化,試験管の口についた液体が水であることを確かめる方法,青色の塩化コバルト紙をつけると、赤（桃）色に変わる,実験,c1-004-1;問題集7章,
§5 物質が分かれる変化,固体を試験管で加熱するとき、試験管の口を少し下げておく理由,発生した水（液体）が加熱部分に流れこみ、試験管が割れるのを防ぐため,補足,owner指示（中学の重点項目）,炭酸水素ナトリウムの熱分解など
§5 物質が分かれる変化,固体を試験管で加熱し発生した気体を水上置換法で集めているとき、加熱終える時の注意点とその理由,水槽からガラス管を出しておく。試験管内に水が逆流するのを防ぐため（試験管内の気体が冷えて、体積が小さくなるから）,補足,owner指示（中学の重点項目）,炭酸水素ナトリウムの熱分解など
§5 物質が分かれる変化,加熱後に残った炭酸ナトリウムNa₂CO₃を、もとの炭酸水素ナトリウムNaHCO₃と比べるとどうちがうか,水によく溶け、アルカリ性が強くフェノールフタレイン溶液で濃いピンク（赤色）になる（炭酸水素ナトリウムNaHCO₃は水に少ししか溶けず、弱いアルカリ性のためフェノールフタレイン溶液でうすいピンク色までしか色が変化しない）,実験,c1-004-1;問題集7章,性質がちがう＝分解で別の物質ができた証拠
§5 物質が分かれる変化,水の電気分解で、陰極と陽極に発生する気体,陰極に水素、陽極に酸素,実験,授業実験;p10,
§5 物質が分かれる変化,水の電気分解で発生する、水素H₂と酸素O₂の体積の比,H₂：O₂＝2：1,実験,授業実験;p10,手書き「水が分解するとH2:O2＝2:1でできる」。半反応式は手書きで「覚えなくてもOK」
§5 物質が分かれる変化,水の電気分解で、水素H₂と酸素O₂の体積の比が2：1になる理由（化学反応式で考える）,水分子2個から、水素分子2個と酸素分子1個ができるから（2H₂O→2H₂＋O₂）,実験,授業実験;owner指示（中2先取り）,気体では、同じ体積に同じ数の分子がふくまれるので、分子の数の比＝体積の比
§5 物質が分かれる変化,水の電気分解で、水に水酸化ナトリウムNaOHを溶かす理由,電流を流れやすくするため（水酸化ナトリウムは分解されず、水が分解される）,実験,授業実験;p10,純粋な水はほとんど電流が流れない。皮膚についたら大量の水で洗う
§5 物質が分かれる変化,発生した気体が水素H₂であることを確かめる方法,マッチの火を近づけると、音を立てて燃える,実験,授業実験;p10,
§5 物質が分かれる変化,発生した気体が酸素O₂であることを確かめる方法,火のついた線香を入れると、炎を上げて燃える,実験,授業実験;p10,酸化銀の熱分解で出る酸素の確認も同じ
§5 物質が分かれる変化,塩化銅水溶液CuCl₂aqを電気分解したとき、陽極と陰極にできる物質,陽極に塩素Cl₂（気体）、陰極に銅Cu（付着）,プリント手書き,p10,覚える（owner決定）
